fecha,hora,nombre,telar,contrato,lote,estilo,clase,descripcion
2026-09-29,14:11,Fernando Rosales,10,C01,201050,Arandano,Producción,reanudado hilos ñ
2026-10-08,15:54,Tomas Urbina,35,C04,402192,Fashion,Mantenimiento,Cambio del tornillo roto de la mordaza del sistema de cambio rapido del Equipo
2026-10-08,15:54,Tomas Urbina,12,C01,402177,Fashion,Mantenimiento,Ajuste  direccion del caudal de aire en las valvulas auxiliares
2026-10-08,15:54,Tomas Urbina,81,C06,201208,Alexa,Mantenimiento,Motor ELO
2026-10-08,15:54,Tomas Urbina,80,C06,100061,Bull Denim 11,Mantenimiento,Tijera de corte RH
2026-10-08,15:54,Tomas Urbina,36,C04,301179,MullBerry Primium,Calidad,Reanudado hilo perdido
2026-10-08,15:54,Tomas Urbina,45,C04,301210,Arandano,Mantenimiento,Limpieza del filtro de aceite
2026-10-08,15:54,Tomas Urbina,46,C04,301210,Arandano,Mantenimiento,Limpieza del filtro
2026-10-08,15:54,Tomas Urbina,34,C04,401202,Fashion,Mantenimiento,Cambio de Malla rota
2026-10-08,15:54,Tomas Urbina,45,C04,301210,Arandano,Mantenimiento,Cambio de Malla Rota
2026-10-08,15:54,Tomas Urbina,45,C04,301210,Arandano,Mantenimiento,Cambio de tabla rota
2026-10-08,15:54,Tomas Urbina,29,C03,102197,Victoria 250,Mantenimiento,Mecanismo ELSY RH
2026-10-08,15:54,Tomas Urbina,29,C03,102197,Victoria 250,Mantenimiento,Mecanismo ELSY RH
2026-10-08,15:54,Tomas Urbina,39,C03,201209,Arandano,Calidad,Hilos perdidos
2026-10-08,15:54,Tomas Urbina,34,C04,401202,Fashion,Mantenimiento,Tijera de corte RH
2026-10-08,15:54,Tomas Urbina,35,C04,402192,Fashion,Mantenimiento,Cambio de manguera en un soplador Auxiliar
2026-10-08,15:54,Tomas Urbina,02,C01,401205,Fashion,Mantenimiento,PFT
